1784649821.9470,maracas1,D3,1
1784649822.1870,maracas1,D3,1
1784649822.4380,maracas1,D3,1
1784649822.4770,maracas1,D3,1
1784649822.5170,maracas1,D3,1
1784649822.5480,maracas1,D3,1
1784649822.6870,maracas1,D3,1
1784649822.9470,maracas1,D3,1
1784649823.0070,maracas1,D3,1
1784649823.1680,maracas1,D3,1
1784649823.3970,maracas1,D3,1
1784649823.4770,maracas1,D3,1
1784649823.6180,maracas1,D3,1
1784649823.6680,maracas1,D3,1
1784649823.6870,maracas1,D3,1
1784649823.8370,maracas1,D3,1
1784649823.8570,maracas1,D3,1
1784649823.8870,maracas1,D3,1
1784649824.0680,maracas1,D3,1
1784649824.2790,maracas1,D3,1
1784649824.4780,maracas1,D3,1
1784649824.4980,maracas1,D3,1
1784649824.5370,maracas1,D3,1
1784649824.6870,maracas1,D3,1
1784649824.8990,maracas1,D3,1
1784649824.9470,maracas1,D3,1
1784649825.1070,maracas1,D3,1
1784649825.1260,maracas1,D3,1
1784649825.3170,maracas1,D3,1
1784649825.3370,maracas1,D3,1
1784649825.3660,maracas1,D3,1
1784649825.5380,maracas1,D3,1
1784649825.5670,maracas1,D3,1
1784649825.6070,maracas1,D3,1
1784649825.7990,maracas1,D3,1
1784649825.8160,maracas1,D3,1
1784649825.9670,maracas1,D3,1
1784649825.9970,maracas1,D3,1
1784649826.0160,maracas1,D3,1
1784649826.1870,maracas1,D3,1
1784649826.2280,maracas1,D3,1
1784649826.3970,maracas1,D3,1
1784649826.4260,maracas1,D3,1
1784649826.6280,maracas1,D3,1
1784649826.8170,maracas1,D3,1
1784649826.8370,maracas1,D3,1
1784649826.8770,maracas1,D3,1
1784649826.9070,maracas1,D3,1
1784649827.0480,maracas1,D3,1
1784649827.2770,maracas1,D3,1
1784649827.3170,maracas1,D3,1
1784649827.5180,maracas1,D3,1
1784649827.5520,maracas1,D3,1
1784649827.7080,maracas1,D3,1
1784649827.7270,maracas1,D3,1
1784649827.7490,maracas1,D3,1
1784649827.8780,maracas1,D3,1
1784649827.8970,maracas1,D3,1
1784649827.9370,maracas1,D3,1
1784649828.0760,maracas1,D3,1
1784649828.1170,maracas1,D3,1
1784649828.1470,maracas1,D3,1
1784649828.3480,maracas1,D3,1
1784649828.3670,maracas1,D3,1
1784649828.5180,maracas1,D3,1
1784649828.5410,maracas1,D3,1
1784649828.5570,maracas1,D3,1
1784649828.5870,maracas1,D3,1
1784649828.7480,maracas1,D3,1
1784649828.7760,maracas1,D3,1
1784649828.9980,maracas1,D3,1
1784649829.2180,maracas1,D3,1
1784649829.4210,maracas1,D3,1
1784649829.4360,maracas1,D3,1
1784649829.6410,maracas1,D3,1
1784649829.6670,maracas1,D3,1
1784649829.8370,maracas1,D3,1
1784649829.8870,maracas1,D3,1
1784649830.0060,maracas1,D3,1
1784649830.0270,maracas1,D3,1
1784649830.1690,maracas1,D3,1
1784649830.1870,maracas1,D3,1
1784649830.3370,maracas1,D3,1
1784649830.5270,maracas1,D3,1
1784649830.5770,maracas1,D3,1
1784649830.7770,maracas1,D3,1
1784649831.0480,maracas1,D3,1
1784649831.0770,maracas1,D3,1
1784649831.3580,maracas1,D3,1
1784649832.5480,maracas1,D3,1
1784649832.5870,maracas1,D3,1
1784649832.7400,maracas1,D3,1
1784649832.8870,maracas1,D3,1
1784649832.9270,maracas1,D3,1
1784649833.0470,maracas1,D3,1
1784649833.0770,maracas1,D3,1
1784649833.1960,maracas1,D3,1
1784649833.2360,maracas1,D3,1
1784649833.3570,maracas1,D3,1
1784649833.3860,maracas1,D3,1
1784649833.5170,maracas1,D3,1
1784649833.5370,maracas1,D3,1
1784649833.6980,maracas1,D3,1
1784649833.8670,maracas1,D3,1
1784649834.0060,maracas1,D3,1
1784649834.0370,maracas1,D3,1
1784649834.1670,maracas1,D3,1
1784649834.6470,maracas1,D3,1
1784649834.8470,maracas1,D3,1
1784649835.1370,maracas1,D3,1
1784649835.3160,maracas1,D3,1
1784649835.3360,maracas1,D3,1
1784649835.6480,maracas1,D3,1
1784649835.6780,maracas1,D3,1
1784649835.6980,maracas1,D3,1
1784649835.8170,maracas1,D3,1
1784649835.8370,maracas1,D3,1
1784649835.9900,maracas1,D3,1
1784649836.0060,maracas1,D3,1
1784649836.1670,maracas1,D3,1
1784649836.3280,maracas1,D3,1
1784649836.3770,maracas1,D3,1
1784649836.4960,maracas1,D3,1
1784649836.5170,maracas1,D3,1
1784649836.7270,maracas1,D3,1
1784649836.7770,maracas1,D3,1
1784649836.8990,maracas1,D3,1
1784649836.9670,maracas1,D3,1
1784649837.1580,maracas1,D3,1
1784649837.1970,maracas1,D3,1
1784649837.2670,maracas1,D3,1
1784649837.4180,maracas1,D3,1
1784649837.8680,maracas1,D3,1
1784649839.4770,maracas1,D3,1
1784649840.1890,maracas1,D3,1
1784649840.3270,maracas1,D3,1
1784649840.6870,maracas1,D3,1
1784649840.8470,maracas1,D3,1
1784649841.5480,maracas1,D3,1
1784649841.5870,maracas1,D3,1
1784649841.7770,maracas1,D3,1
1784649841.7970,maracas1,D3,1
1784649841.9070,maracas1,D3,1
1784649843.5570,maracas1,D3,1
1784649843.5980,maracas1,D3,1
1784649843.7880,maracas1,D3,1
1784649843.8270,maracas1,D3,1
1784649844.0170,maracas1,D3,1
1784649844.0360,maracas1,D3,1
1784649844.0660,maracas1,D3,1
1784649844.0860,maracas1,D3,1
1784649845.9280,maracas1,D3,1
1784649846.1870,maracas1,D3,1
1784649846.4500,maracas1,D3,1
1784649846.6970,maracas1,D3,1
1784649846.9660,maracas1,D3,1
1784649847.2160,maracas1,D3,1
1784649847.4670,maracas1,D3,1
1784649849.6970,maracas1,D3,1
1784649849.7470,maracas1,D3,1
1784649850.1870,maracas1,D3,1
1784649850.2490,maracas1,D3,1
1784649850.2660,maracas1,D3,1
1784649850.6970,maracas1,D3,1
1784649850.7460,maracas1,D3,1
1784649850.7760,maracas1,D3,1
1784649850.7960,maracas1,D3,1
1784649850.8160,maracas1,D3,1
1784649851.1970,maracas1,D3,1
1784649851.2480,maracas1,D3,1
1784649851.2960,maracas1,D3,1
1784649851.7080,maracas1,D3,1
1784649851.7380,maracas1,D3,1
1784649851.7660,maracas1,D3,1
1784649852.1470,maracas1,D3,1
1784649852.1970,maracas1,D3,1
1784649852.2260,maracas1,D3,1
1784649852.6270,maracas1,D3,1
1784649852.6870,maracas1,D3,1
1784649853.1180,maracas1,D3,1
1784649853.1570,maracas1,D3,1
1784649853.5060,maracas1,D3,1
1784649853.5260,maracas1,D3,1
1784649853.5660,maracas1,D3,1
1784649853.9570,maracas1,D3,1
1784649854.0170,maracas1,D3,1
1784649854.0460,maracas1,D3,1
1784649854.4160,maracas1,D3,1
1784649854.4760,maracas1,D3,1
1784649854.8580,maracas1,D3,1
1784649854.9060,maracas1,D3,1
1784649854.9670,maracas1,D3,1
1784649855.3070,maracas1,D3,1
1784649855.3570,maracas1,D3,1
1784649857.6170,maracas1,D3,1
1784649857.8360,maracas1,D3,1
1784649858.2660,maracas1,D3,1
1784649859.6070,maracas1,D3,1
1784649861.2170,maracas1,D3,1
1784649861.2460,maracas1,D3,1
1784649861.4570,maracas1,D3,1
1784649861.6770,maracas1,D3,1
1784649861.7370,maracas1,D3,1
1784649861.9170,maracas1,D3,1
1784649861.9560,maracas1,D3,1
1784649862.1570,maracas1,D3,1
1784649862.5660,maracas1,D3,1
1784649862.6060,maracas1,D3,1
1784649863.3260,maracas1,D3,1
1784649863.3480,maracas1,D3,1
1784649864.2560,maracas1,D3,1
1784649864.3060,maracas1,D3,1
1784649864.5560,maracas1,D3,1
1784649864.8260,maracas1,D3,1
1784649864.8760,maracas1,D3,1
1784649865.0850,maracas1,D3,1
1784649865.3560,maracas1,D3,1
1784649865.4060,maracas1,D3,1
1784649865.6260,maracas1,D3,1
1784649865.6560,maracas1,D3,1
1784649865.6760,maracas1,D3,1
1784649865.9060,maracas1,D3,1
1784649865.9560,maracas1,D3,1
1784649866.1780,maracas1,D3,1
1784649866.2270,maracas1,D3,1
1784649866.4460,maracas1,D3,1
1784649866.4660,maracas1,D3,1
1784649866.4860,maracas1,D3,1
1784649866.7270,maracas1,D3,1
1784649866.7960,maracas1,D3,1
1784649866.9970,maracas1,D3,1
1784649867.0370,maracas1,D3,1
1784649867.2660,maracas1,D3,1
1784649867.3170,maracas1,D3,1
1784649867.5360,maracas1,D3,1
1784649867.5970,maracas1,D3,1
1784649867.8070,maracas1,D3,1
1784649867.8460,maracas1,D3,1
1784649867.8670,maracas1,D3,1
1784649868.0770,maracas1,D3,1
1784649868.1070,maracas1,D3,1
1784649868.3660,maracas1,D3,1
1784649868.5970,maracas1,D3,1
1784649868.6360,maracas1,D3,1
1784649868.8660,maracas1,D3,1
1784649868.9060,maracas1,D3,1
1784649869.1760,maracas1,D3,1
1784649869.1980,maracas1,D3,1
1784649869.4060,maracas1,D3,1
1784649869.4260,maracas1,D3,1
1784649869.4560,maracas1,D3,1
1784649869.6770,maracas1,D3,1
1784649869.7260,maracas1,D3,1
1784649869.9370,maracas1,D3,1
1784649869.9760,maracas1,D3,1
1784649870.0080,maracas1,D3,1
1784649870.2060,maracas1,D3,1
1784649870.2460,maracas1,D3,1
1784649870.4870,maracas1,D3,1
1784649870.5360,maracas1,D3,1
1784649870.7460,maracas1,D3,1
1784649870.7660,maracas1,D3,1
1784649870.8060,maracas1,D3,1
1784649871.0380,maracas1,D3,1
1784649871.0970,maracas1,D3,1
1784649871.3270,maracas1,D3,1
1784649871.3660,maracas1,D3,1
1784649871.6070,maracas1,D3,1
1784649871.6590,maracas1,D3,1
1784649871.8560,maracas1,D3,1
1784649871.9060,maracas1,D3,1
1784649872.1170,maracas1,D3,1
1784649872.1660,maracas1,D3,1
1784649872.3560,maracas1,D3,1
1784649872.6070,maracas1,D3,1
1784649872.6460,maracas1,D3,1
1784649872.8470,maracas1,D3,1
1784649872.9070,maracas1,D3,1
1784649873.1170,maracas1,D3,1
1784649873.1360,maracas1,D3,1
1784649873.3360,maracas1,D3,1
1784649873.5860,maracas1,D3,1
1784649874.2960,maracas1,D3,1
1784649874.5070,maracas1,D3,1
1784649874.7460,maracas1,D3,1
1784649874.8060,maracas1,D3,1
1784649874.9980,maracas1,D3,1
1784649875.0460,maracas1,D3,1
1784649875.2350,maracas1,D3,1
1784649875.2760,maracas1,D3,1
1784649875.4860,maracas1,D3,1
1784649875.5460,maracas1,D3,1
1784649875.7650,maracas1,D3,1
1784649875.7960,maracas1,D3,1
1784649876.0060,maracas1,D3,1
1784649876.0260,maracas1,D3,1
1784649876.0560,maracas1,D3,1
1784649876.2600,maracas1,D3,1
1784649876.2780,maracas1,D3,1
1784649876.2960,maracas1,D3,1
1784649876.5070,maracas1,D3,1
1784649876.5670,maracas1,D3,1
1784649877.0360,maracas1,D3,1
1784649877.0550,maracas1,D3,1
1784649877.2660,maracas1,D3,1
1784649877.5360,maracas1,D3,1
1784649877.5660,maracas1,D3,1
1784649878.0260,maracas1,D3,1
1784649878.0560,maracas1,D3,1
1784649878.3370,maracas1,D3,1
1784649878.5370,maracas1,D3,1
1784649878.5560,maracas1,D3,1
1784649878.5960,maracas1,D3,1
1784649878.8070,maracas1,D3,1
1784649878.8560,maracas1,D3,1
1784649879.0660,maracas1,D3,1
1784649879.1150,maracas1,D3,1
1784649879.3770,maracas1,D3,1
1784649879.6060,maracas1,D3,1
1784649879.6560,maracas1,D3,1
1784649879.8770,maracas1,D3,1
1784649879.9160,maracas1,D3,1
1784649880.1860,maracas1,D3,1
1784649880.4170,maracas1,D3,1
1784649880.4360,maracas1,D3,1
1784649880.4660,maracas1,D3,1
1784649880.6680,maracas1,D3,1
1784649880.9270,maracas1,D3,1
1784649880.9660,maracas1,D3,1
1784649880.9860,maracas1,D3,1
1784649881.2080,maracas1,D3,1
1784649881.2350,maracas1,D3,1
1784649881.4660,maracas1,D3,1
1784649881.5160,maracas1,D3,1
1784649881.7560,maracas1,D3,1
1784649881.9960,maracas1,D3,1
1784649882.2250,maracas1,D3,1
1784649882.4660,maracas1,D3,1
1784649882.5160,maracas1,D3,1
1784649882.6970,maracas1,D3,1
1784649882.9570,maracas1,D3,1
1784649882.9950,maracas1,D3,1
1784649883.0460,maracas1,D3,1
1784649884.7080,maracas1,D3,1
1784649884.9260,maracas1,D3,1
1784649884.9650,maracas1,D3,1
1784649884.9860,maracas1,D3,1
1784649885.1860,maracas1,D3,1
1784649885.2060,maracas1,D3,1
1784649885.2350,maracas1,D3,1
1784649885.4360,maracas1,D3,1
1784649885.4560,maracas1,D3,1
1784649885.4760,maracas1,D3,1
1784649885.4960,maracas1,D3,1
1784649885.7050,maracas1,D3,1
1784649885.7450,maracas1,D3,1
1784649885.9560,maracas1,D3,1
1784649886.0070,maracas1,D3,1
1784649886.4660,maracas1,D3,1
1784649886.6790,maracas1,D3,1
1784649886.9160,maracas1,D3,1
1784649887.1860,maracas1,D3,1
1784649887.3860,maracas1,D3,1
1784649887.6260,maracas1,D3,1
1784649887.6450,maracas1,D3,1
1784649887.8460,maracas1,D3,1
1784649887.8760,maracas1,D3,1
1784649887.9080,maracas1,D3,1
1784649888.0960,maracas1,D3,1
1784649888.3260,maracas1,D3,1
1784649888.3660,maracas1,D3,1
1784649888.5660,maracas1,D3,1
1784649888.8150,maracas1,D3,1
1784649889.0760,maracas1,D3,1
1784649889.1260,maracas1,D3,1
1784649889.3370,maracas1,D3,1
1784649889.3860,maracas1,D3,1
1784649889.6260,maracas1,D3,1
1784649889.6560,maracas1,D3,1
1784649889.8690,maracas1,D3,1
1784649890.1360,maracas1,D3,1
1784649890.3960,maracas1,D3,1
1784649890.6990,maracas1,D3,1
1784649890.8980,maracas1,D3,1
1784649891.1550,maracas1,D3,1
1784649891.4150,maracas1,D3,1
1784649891.6570,maracas1,D3,1
1784649891.6960,maracas1,D3,1
1784649891.8960,maracas1,D3,1
1784649891.9450,maracas1,D3,1
1784649892.1360,maracas1,D3,1
1784649892.3770,maracas1,D3,1
1784649892.6460,maracas1,D3,1
1784649892.8850,maracas1,D3,1
1784649892.9270,maracas1,D3,1
1784649893.1460,maracas1,D3,1
1784649893.1960,maracas1,D3,1
1784649893.3860,maracas1,D3,1
1784649893.6460,maracas1,D3,1
1784649893.6870,maracas1,D3,1
1784649893.8870,maracas1,D3,1
1784649893.9260,maracas1,D3,1
1784649894.1360,maracas1,D3,1
1784649894.1660,maracas1,D3,1
1784649894.3960,maracas1,D3,1
1784649894.6360,maracas1,D3,1
1784649894.6660,maracas1,D3,1
1784649894.8780,maracas1,D3,1
1784649894.9160,maracas1,D3,1
1784649895.1800,maracas1,D3,1
1784649895.3860,maracas1,D3,1
1784649895.4080,maracas1,D3,1
1784649895.4250,maracas1,D3,1
1784649895.8850,maracas1,D3,1
1784649895.9150,maracas1,D3,1
1784649896.3700,maracas1,D3,1
1784649896.6160,maracas1,D3,1
1784649896.8560,maracas1,D3,1
1784649897.1080,maracas1,D3,1
1784649897.1560,maracas1,D3,1
1784649897.3860,maracas1,D3,1
1784649897.4250,maracas1,D3,1
1784649897.6760,maracas1,D3,1
1784649897.9060,maracas1,D3,1
1784649897.9690,maracas1,D3,1
1784649898.1750,maracas1,D3,1
1784649898.2050,maracas1,D3,1
1784649898.4450,maracas1,D3,1
1784649898.4860,maracas1,D3,1
1784649898.7160,maracas1,D3,1
1784649898.7550,maracas1,D3,1
1784649898.9760,maracas1,D3,1
1784649899.0050,maracas1,D3,1
1784649899.0250,maracas1,D3,1
1784649900.7290,maracas1,D3,1
1784649900.7750,maracas1,D3,1
1784649900.8060,maracas1,D3,1
1784649901.0360,maracas1,D3,1
1784649901.2750,maracas1,D3,1
1784649901.2950,maracas1,D3,1
1784649901.5480,maracas1,D3,1
1784649901.7660,maracas1,D3,1
1784649901.8060,maracas1,D3,1
1784649902.0390,maracas1,D3,1
1784649902.0960,maracas1,D3,1
1784649902.2960,maracas1,D3,1
1784649902.3550,maracas1,D3,1
1784649902.5770,maracas1,D3,1
1784649902.6050,maracas1,D3,1
1784649902.6450,maracas1,D3,1
1784649902.8670,maracas1,D3,1
1784649902.8950,maracas1,D3,1
1784649903.1450,maracas1,D3,1
1784649903.1670,maracas1,D3,1
1784649903.3560,maracas1,D3,1
1784649903.4160,maracas1,D3,1
1784649903.6070,maracas1,D3,1
1784649903.6550,maracas1,D3,1
1784649903.8650,maracas1,D3,1
1784649903.9150,maracas1,D3,1
1784649904.1250,maracas1,D3,1
1784649904.3460,maracas1,D3,1
1784649904.3650,maracas1,D3,1
1784649904.5860,maracas1,D3,1
1784649904.6260,maracas1,D3,1
1784649904.8660,maracas1,D3,1
1784649904.8950,maracas1,D3,1
1784649904.9150,maracas1,D3,1
1784649905.1230,maracas1,D3,1
1784649905.3860,maracas1,D3,1
1784649905.4260,maracas1,D3,1
1784649905.6360,maracas1,D3,1
1784649905.6750,maracas1,D3,1
1784649905.7050,maracas1,D3,1
1784649905.8950,maracas1,D3,1
1784649905.9350,maracas1,D3,1
1784649906.1560,maracas1,D3,1
1784649906.1950,maracas1,D3,1
1784649906.2250,maracas1,D3,1
1784649906.4260,maracas1,D3,1
1784649906.4580,maracas1,D3,1
1784649906.4750,maracas1,D3,1
1784649906.7050,maracas1,D3,1
1784649906.7360,maracas1,D3,1
1784649906.7750,maracas1,D3,1
1784649906.9860,maracas1,D3,1
1784649907.0560,maracas1,D3,1
1784649907.1860,maracas1,D3,1
1784649907.4160,maracas1,D3,1
1784649907.7060,maracas1,D3,1
1784649907.7650,maracas1,D3,1
1784649907.8650,maracas1,D3,1
1784649908.4060,maracas1,D3,1
1784649908.4550,maracas1,D3,1
1784649908.6660,maracas1,D3,1
1784649908.6960,maracas1,D3,1
1784649908.7160,maracas1,D3,1
1784649908.8260,maracas1,D3,1
1784649909.0850,maracas1,D3,1
1784649909.1950,maracas1,D3,1
1784649909.2350,maracas1,D3,1
1784649909.4380,maracas1,D3,1
1784649909.7750,maracas1,D3,1
