1784649616.7670,rainstick,A3,279
1784649616.8160,rainstick,A3,436
1784649616.9170,rainstick,A3,375
1784649617.1690,rainstick,A3,434
1784649617.5180,rainstick,A3,327
1784649617.5680,rainstick,A3,398
1784649617.7690,rainstick,A3,315
1784649617.8190,rainstick,A3,429
1784649618.1700,rainstick,A3,355
1784649618.2200,rainstick,A3,435
1784649618.3210,rainstick,A3,356
1784649618.3710,rainstick,A3,264
1784649618.4220,rainstick,A3,420
1784649618.8250,rainstick,A3,338
1784649618.8730,rainstick,A3,151
1784649618.9250,rainstick,A3,440
1784649618.9750,rainstick,A3,364
1784649619.0290,rainstick,A3,187
1784649619.0770,rainstick,A3,439
1784649619.3790,rainstick,A3,288
1784649619.4290,rainstick,A3,183
1784649619.4790,rainstick,A3,24
1784649619.5300,rainstick,A3,400
1784649622.5800,rainstick,A3,288
1784649622.6300,rainstick,A3,424
1784649622.7310,rainstick,A3,186
1784649622.7820,rainstick,A3,442
1784649622.8830,rainstick,A3,377
1784649622.9860,rainstick,A3,215
1784649623.0330,rainstick,A3,432
1784649623.2340,rainstick,A3,219
1784649623.2850,rainstick,A3,331
1784649623.3900,rainstick,A3,431
1784649623.4860,rainstick,A3,290
1784649623.5360,rainstick,A3,195
1784649623.5900,rainstick,A3,404
1784649623.8880,rainstick,A3,166
1784649623.9380,rainstick,A3,306
1784649623.9890,rainstick,A3,109
1784649624.0900,rainstick,A3,9
1784649624.1900,rainstick,A3,187
1784649624.2430,rainstick,A3,317
1784649624.2910,rainstick,A3,392
1784649624.3420,rainstick,A3,280
1784649624.4430,rainstick,A3,432
1784649624.4930,rainstick,A3,370
1784649624.5440,rainstick,A3,14
1784649624.7450,rainstick,A3,219
1784649624.8440,rainstick,A3,404
1784649626.0950,rainstick,A3,263
1784649626.1440,rainstick,A3,432
1784649626.3460,rainstick,A3,151
1784649626.3960,rainstick,A3,384
1784649626.4970,rainstick,A3,294
1784649626.5480,rainstick,A3,428
1784649626.5980,rainstick,A3,375
1784649626.6490,rainstick,A3,320
1784649626.7000,rainstick,A3,141
1784649626.7510,rainstick,A3,375
1784649626.8020,rainstick,A3,269
1784649626.8530,rainstick,A3,377
1784649627.0060,rainstick,A3,156
1784649627.0540,rainstick,A3,311
1784649627.1050,rainstick,A3,427
1784649627.2060,rainstick,A3,159
1784649627.3060,rainstick,A3,373
1784649627.4060,rainstick,A3,439
1784649629.0550,rainstick,A3,375
1784649629.1050,rainstick,A3,438
1784649629.1560,rainstick,A3,380
1784649629.2570,rainstick,A3,37
1784649629.3080,rainstick,A3,215
1784649629.3580,rainstick,A3,391
1784649629.6100,rainstick,A3,224
1784649629.7100,rainstick,A3,372
1784649629.7600,rainstick,A3,424
1784649629.8600,rainstick,A3,363
1784649629.9110,rainstick,A3,438
1784649629.9620,rainstick,A3,355
1784649630.0630,rainstick,A3,424
1784649630.2230,rainstick,A3,55
1784649630.2620,rainstick,A3,167
1784649630.3150,rainstick,A3,418
1784649630.4650,rainstick,A3,346
1784649630.5160,rainstick,A3,216
1784649630.5670,rainstick,A3,363
1784649630.6170,rainstick,A3,420
1784649630.8680,rainstick,A3,92
1784649630.9180,rainstick,A3,333
1784649630.9690,rainstick,A3,437
1784649631.0210,rainstick,A3,373
1784649631.1200,rainstick,A3,439
1784649631.1700,rainstick,A3,171
1784649631.2710,rainstick,A3,416
1784649631.3720,rainstick,A3,39
1784649631.4220,rainstick,A3,378
1784649631.4730,rainstick,A3,429
1784649631.7280,rainstick,A3,356
1784649631.7740,rainstick,A3,440
1784649634.0760,rainstick,A3,261
1784649634.1260,rainstick,A3,397
1784649634.4280,rainstick,A3,156
1784649634.4780,rainstick,A3,255
1784649634.5290,rainstick,A3,423
1784649634.5800,rainstick,A3,360
1784649634.6300,rainstick,A3,87
1784649634.6820,rainstick,A3,237
1784649634.7330,rainstick,A3,34
1784649634.7840,rainstick,A3,346
1784649634.8350,rainstick,A3,188
1784649634.9370,rainstick,A3,340
1784649634.9860,rainstick,A3,402
1784649635.0370,rainstick,A3,173
1784649635.0880,rainstick,A3,346
1784649635.1380,rainstick,A3,108
1784649635.1900,rainstick,A3,333
1784649635.2400,rainstick,A3,210
1784649635.3420,rainstick,A3,383
1784649635.4420,rainstick,A3,443
1784649635.6410,rainstick,A3,356
1784649635.6920,rainstick,A3,434
1784649635.8930,rainstick,A3,358
1784649635.9920,rainstick,A3,413
1784649636.0420,rainstick,A3,265
1784649636.0940,rainstick,A3,442
1784649636.1950,rainstick,A3,367
1784649636.2440,rainstick,A3,308
1784649636.2960,rainstick,A3,403
1784649636.3960,rainstick,A3,215
1784649636.4960,rainstick,A3,78
1784649636.5960,rainstick,A3,399
1784649636.8960,rainstick,A3,298
1784649636.9970,rainstick,A3,231
1784649637.0470,rainstick,A3,388
1784649637.2980,rainstick,A3,439
1784649639.1980,rainstick,A3,239
1784649639.2470,rainstick,A3,407
1784649639.5980,rainstick,A3,61
1784649639.6490,rainstick,A3,396
1784649640.0000,rainstick,A3,332
1784649640.0490,rainstick,A3,271
1784649640.1010,rainstick,A3,436
1784649640.2520,rainstick,A3,384
1784649640.4020,rainstick,A3,239
1784649640.4520,rainstick,A3,151
1784649640.5030,rainstick,A3,434
1784649640.8540,rainstick,A3,117
1784649640.9050,rainstick,A3,19
1784649640.9550,rainstick,A3,399
1784649641.0060,rainstick,A3,347
1784649641.0570,rainstick,A3,428
1784649641.2570,rainstick,A3,234
1784649641.3070,rainstick,A3,128
1784649641.4100,rainstick,A3,404
1784649644.3610,rainstick,A3,429
1784649644.6610,rainstick,A3,335
1784649644.7610,rainstick,A3,395
1784649644.8110,rainstick,A3,160
1784649644.9120,rainstick,A3,412
1784649645.2110,rainstick,A3,215
1784649645.2610,rainstick,A3,412
1784649645.3630,rainstick,A3,311
1784649645.4130,rainstick,A3,403
1784649645.5630,rainstick,A3,335
1784649645.6640,rainstick,A3,439
1784649645.8130,rainstick,A3,338
1784649645.8640,rainstick,A3,247
1784649645.9660,rainstick,A3,404
1784649646.0140,rainstick,A3,349
1784649646.0760,rainstick,A3,439
1784649646.5180,rainstick,A3,248
1784649646.5690,rainstick,A3,435
1784649646.8680,rainstick,A3,376
1784649646.9680,rainstick,A3,440
1784649647.2210,rainstick,A3,381
1784649647.4180,rainstick,A3,437
1784649647.5180,rainstick,A3,289
1784649647.5680,rainstick,A3,405
1784649649.4190,rainstick,A3,344
1784649649.5680,rainstick,A3,414
1784649649.6680,rainstick,A3,294
1784649649.7190,rainstick,A3,356
1784649649.7700,rainstick,A3,439
1784649649.8710,rainstick,A3,175
1784649649.9710,rainstick,A3,343
1784649650.0200,rainstick,A3,440
1784649650.2210,rainstick,A3,360
1784649650.3210,rainstick,A3,283
1784649650.4220,rainstick,A3,394
1784649650.6710,rainstick,A3,261
1784649650.7210,rainstick,A3,152
1784649650.7730,rainstick,A3,221
1784649650.8230,rainstick,A3,411
1784649650.9760,rainstick,A3,303
1784649651.0240,rainstick,A3,438
1784649651.1250,rainstick,A3,143
1784649651.1750,rainstick,A3,19
1784649651.2260,rainstick,A3,343
1784649651.3780,rainstick,A3,399
1784649651.5270,rainstick,A3,206
1784649651.5770,rainstick,A3,293
1784649651.6280,rainstick,A3,428
1784649652.2300,rainstick,A3,311
1784649652.2790,rainstick,A3,440
1784649653.9320,rainstick,A3,431
1784649654.0320,rainstick,A3,375
1784649654.2320,rainstick,A3,320
1784649654.2820,rainstick,A3,437
1784649654.6830,rainstick,A3,355
1784649654.7830,rainstick,A3,235
1784649654.8330,rainstick,A3,8
1784649654.8840,rainstick,A3,61
1784649654.9870,rainstick,A3,374
1784649655.0350,rainstick,A3,319
1784649655.0860,rainstick,A3,379
1784649655.1370,rainstick,A3,151
1784649655.1880,rainstick,A3,357
1784649655.2390,rainstick,A3,439
1784649655.3410,rainstick,A3,375
1784649655.4410,rainstick,A3,436
1784649655.7420,rainstick,A3,232
1784649655.7910,rainstick,A3,406
1784649656.0410,rainstick,A3,222
1784649656.0910,rainstick,A3,396
1784649656.5420,rainstick,A3,308
1784649656.5920,rainstick,A3,396
1784649657.1430,rainstick,A3,335
1784649657.1930,rainstick,A3,419
1784649657.7940,rainstick,A3,363
1784649657.8450,rainstick,A3,440
1784649659.0950,rainstick,A3,329
1784649659.1950,rainstick,A3,440
1784649659.2480,rainstick,A3,331
1784649659.2960,rainstick,A3,438
1784649659.3500,rainstick,A3,364
1784649659.4510,rainstick,A3,438
1784649659.5980,rainstick,A3,330
1784649659.6480,rainstick,A3,422
1784649659.6990,rainstick,A3,364
1784649659.7510,rainstick,A3,418
1784649659.8520,rainstick,A3,216
1784649659.9020,rainstick,A3,363
1784649660.0030,rainstick,A3,427
1784649660.0520,rainstick,A3,360
1784649660.1030,rainstick,A3,45
1784649660.1540,rainstick,A3,372
1784649660.2540,rainstick,A3,440
1784649660.5050,rainstick,A3,388
1784649660.6060,rainstick,A3,93
1784649660.6560,rainstick,A3,355
1784649660.7560,rainstick,A3,428
1784649660.8560,rainstick,A3,342
1784649660.9070,rainstick,A3,440
1784649661.0070,rainstick,A3,33
1784649661.1080,rainstick,A3,94
1784649661.1580,rainstick,A3,360
1784649661.2580,rainstick,A3,434
1784649661.4090,rainstick,A3,376
1784649661.4600,rainstick,A3,439
1784649661.5100,rainstick,A3,310
1784649661.5600,rainstick,A3,407
1784649663.2620,rainstick,A3,180
1784649663.3120,rainstick,A3,420
1784649663.3630,rainstick,A3,359
1784649663.4140,rainstick,A3,422
1784649663.9660,rainstick,A3,192
1784649664.0160,rainstick,A3,272
1784649664.0670,rainstick,A3,127
1784649664.1680,rainstick,A3,0
1784649664.2170,rainstick,A3,371
1784649664.2760,rainstick,A3,140
1784649664.3200,rainstick,A3,416
1784649664.5200,rainstick,A3,363
1784649664.6210,rainstick,A3,191
1784649664.6700,rainstick,A3,295
1784649664.7210,rainstick,A3,419
1784649665.1230,rainstick,A3,364
1784649665.3230,rainstick,A3,439
1784649665.4720,rainstick,A3,343
1784649665.6730,rainstick,A3,239
1784649665.7250,rainstick,A3,426
1784649666.0730,rainstick,A3,222
1784649666.1240,rainstick,A3,437
1784649666.4750,rainstick,A3,281
1784649666.5240,rainstick,A3,381
1784649666.6250,rainstick,A3,439
1784649666.8260,rainstick,A3,334
1784649666.8750,rainstick,A3,438
1784649667.8770,rainstick,A3,369
1784649667.9270,rainstick,A3,318
1784649667.9770,rainstick,A3,438
1784649668.3780,rainstick,A3,380
1784649668.4280,rainstick,A3,432
1784649670.0310,rainstick,A3,364
1784649670.1780,rainstick,A3,4
1784649670.2290,rainstick,A3,395
1784649670.5810,rainstick,A3,287
1784649670.6300,rainstick,A3,147
1784649670.6840,rainstick,A3,394
1784649671.0320,rainstick,A3,326
1784649671.0850,rainstick,A3,395
1784649671.4330,rainstick,A3,140
1784649671.4830,rainstick,A3,78
1784649671.5340,rainstick,A3,407
1784649671.6370,rainstick,A3,308
1784649671.6850,rainstick,A3,436
1784649671.8360,rainstick,A3,327
1784649671.8860,rainstick,A3,25
1784649671.9880,rainstick,A3,270
1784649672.0420,rainstick,A3,398
1784649672.0890,rainstick,A3,187
1784649672.1390,rainstick,A3,438
1784649672.2390,rainstick,A3,350
1784649672.2900,rainstick,A3,438
1784649672.3410,rainstick,A3,143
1784649672.3920,rainstick,A3,427
1784649674.2940,rainstick,A3,360
1784649674.3950,rainstick,A3,411
1784649674.5450,rainstick,A3,356
1784649674.5940,rainstick,A3,439
1784649674.7480,rainstick,A3,300
1784649674.8960,rainstick,A3,439
1784649674.9460,rainstick,A3,367
1784649674.9970,rainstick,A3,434
1784649675.0490,rainstick,A3,266
1784649675.1000,rainstick,A3,392
1784649675.4530,rainstick,A3,253
1784649675.5000,rainstick,A3,420
1784649675.7010,rainstick,A3,87
1784649675.7510,rainstick,A3,251
1784649675.8020,rainstick,A3,139
1784649675.8530,rainstick,A3,436
1784649676.0560,rainstick,A3,236
1784649676.1040,rainstick,A3,296
1784649676.1550,rainstick,A3,167
1784649676.2060,rainstick,A3,343
1784649676.2570,rainstick,A3,439
1784649676.3080,rainstick,A3,344
1784649676.3600,rainstick,A3,438
1784649676.4600,rainstick,A3,360
1784649676.5110,rainstick,A3,138
1784649676.6110,rainstick,A3,245
1784649676.6610,rainstick,A3,436
1784649676.8120,rainstick,A3,374
1784649676.9630,rainstick,A3,322
1784649677.0130,rainstick,A3,407
1784649680.7140,rainstick,A3,285
1784649680.7630,rainstick,A3,423
1784649680.9640,rainstick,A3,323
1784649681.0140,rainstick,A3,436
1784649681.2150,rainstick,A3,299
1784649681.2640,rainstick,A3,414
1784649681.3170,rainstick,A3,272
1784649681.3680,rainstick,A3,399
1784649681.5700,rainstick,A3,328
1784649681.7680,rainstick,A3,404
1784649681.9700,rainstick,A3,316
1784649682.0180,rainstick,A3,79
1784649682.0690,rainstick,A3,230
1784649682.1200,rainstick,A3,437
1784649682.3210,rainstick,A3,295
1784649682.3710,rainstick,A3,391
1784649682.4210,rainstick,A3,42
1784649682.4720,rainstick,A3,410
1784649682.5240,rainstick,A3,348
1784649682.5750,rainstick,A3,431
1784649682.6260,rainstick,A3,348
1784649682.6770,rainstick,A3,123
1784649682.7280,rainstick,A3,283
1784649682.7790,rainstick,A3,349
1784649682.8310,rainstick,A3,438
1784649684.5320,rainstick,A3,306
1784649684.5840,rainstick,A3,429
1784649684.7340,rainstick,A3,330
1784649684.8330,rainstick,A3,404
1784649684.8830,rainstick,A3,64
1784649684.9370,rainstick,A3,227
1784649684.9860,rainstick,A3,412
1784649685.1860,rainstick,A3,117
1784649685.2360,rainstick,A3,268
1784649685.3900,rainstick,A3,372
1784649685.4870,rainstick,A3,30
1784649685.6380,rainstick,A3,283
1784649685.6920,rainstick,A3,163
1784649685.7390,rainstick,A3,8
1784649685.8920,rainstick,A3,191
1784649685.9400,rainstick,A3,389
1784649685.9910,rainstick,A3,288
1784649686.0420,rainstick,A3,51
1784649686.1430,rainstick,A3,334
1784649686.1930,rainstick,A3,156
1784649686.2640,rainstick,A3,297
1784649686.2960,rainstick,A3,147
1784649686.3460,rainstick,A3,411
1784649686.3970,rainstick,A3,328
1784649686.4480,rainstick,A3,431
1784649686.5490,rainstick,A3,360
1784649686.5990,rainstick,A3,439
1784649686.9500,rainstick,A3,370
1784649687.0000,rainstick,A3,440
1784649688.6020,rainstick,A3,373
1784649688.6520,rainstick,A3,263
1784649688.7020,rainstick,A3,43
1784649688.7520,rainstick,A3,424
1784649688.8040,rainstick,A3,319
1784649688.8550,rainstick,A3,436
1784649688.9560,rainstick,A3,202
1784649689.0060,rainstick,A3,391
1784649689.2070,rainstick,A3,315
1784649689.2560,rainstick,A3,427
1784649689.3580,rainstick,A3,187
1784649689.4080,rainstick,A3,431
1784649689.4590,rainstick,A3,160
1784649689.5100,rainstick,A3,362
1784649689.5610,rainstick,A3,199
1784649689.6120,rainstick,A3,351
1784649689.7120,rainstick,A3,300
1784649689.7620,rainstick,A3,439
1784649690.1640,rainstick,A3,107
1784649690.2140,rainstick,A3,372
1784649690.2640,rainstick,A3,439
1784649690.4660,rainstick,A3,2
1784649690.5160,rainstick,A3,139
1784649690.5670,rainstick,A3,411
1784649692.1680,rainstick,A3,342
1784649692.2210,rainstick,A3,288
1784649692.2680,rainstick,A3,230
1784649692.3700,rainstick,A3,139
1784649692.4200,rainstick,A3,355
1784649692.4710,rainstick,A3,407
1784649692.6210,rainstick,A3,340
1784649692.6740,rainstick,A3,426
1784649692.7720,rainstick,A3,58
1784649692.8730,rainstick,A3,207
1784649692.9230,rainstick,A3,311
1784649692.9770,rainstick,A3,375
1784649693.0250,rainstick,A3,308
1784649693.0760,rainstick,A3,365
1784649693.1760,rainstick,A3,183
1784649693.2270,rainstick,A3,282
1784649693.2770,rainstick,A3,8
1784649693.3280,rainstick,A3,110
1784649693.3790,rainstick,A3,354
1784649693.4300,rainstick,A3,436
1784649693.4810,rainstick,A3,237
1784649693.5320,rainstick,A3,381
1784649693.6340,rainstick,A3,244
1784649693.6850,rainstick,A3,24
1784649693.7350,rainstick,A3,359
1784649693.8360,rainstick,A3,425
1784649694.0880,rainstick,A3,280
1784649694.1350,rainstick,A3,184
1784649694.1860,rainstick,A3,424
1784649694.2880,rainstick,A3,338
1784649694.3880,rainstick,A3,422
1784649694.4380,rainstick,A3,332
1784649694.4890,rainstick,A3,395
1784649694.5400,rainstick,A3,332
1784649694.5910,rainstick,A3,397
1784649695.0910,rainstick,A3,339
1784649695.1410,rainstick,A3,421
1784649695.9440,rainstick,A3,339
1784649695.9930,rainstick,A3,391
1784649696.0440,rainstick,A3,298
1784649696.1450,rainstick,A3,423
1784649696.2940,rainstick,A3,286
1784649696.3950,rainstick,A3,356
1784649696.4450,rainstick,A3,431
1784649696.7460,rainstick,A3,261
1784649696.8450,rainstick,A3,397
1784649696.8950,rainstick,A3,229
1784649696.9470,rainstick,A3,402
1784649696.9980,rainstick,A3,260
1784649697.0490,rainstick,A3,351
1784649697.1000,rainstick,A3,431
1784649697.4010,rainstick,A3,165
1784649697.4510,rainstick,A3,104
1784649697.5020,rainstick,A3,344
1784649697.5530,rainstick,A3,439
1784649697.8540,rainstick,A3,22
1784649697.9540,rainstick,A3,293
1784649698.0040,rainstick,A3,431
1784649699.8050,rainstick,A3,365
1784649699.8550,rainstick,A3,436
1784649700.0060,rainstick,A3,370
1784649700.1060,rainstick,A3,184
1784649700.1560,rainstick,A3,328
1784649700.2070,rainstick,A3,392
1784649700.5080,rainstick,A3,311
1784649700.5580,rainstick,A3,403
1784649700.6090,rainstick,A3,256
1784649700.6600,rainstick,A3,14
1784649700.7110,rainstick,A3,79
1784649700.7610,rainstick,A3,412
1784649700.8120,rainstick,A3,344
1784649700.9140,rainstick,A3,419
1784649701.2640,rainstick,A3,288
1784649701.3140,rainstick,A3,208
1784649701.3650,rainstick,A3,286
1784649701.4680,rainstick,A3,394
1784649702.0160,rainstick,A3,225
1784649702.0650,rainstick,A3,410
1784649702.9170,rainstick,A3,315
1784649703.0180,rainstick,A3,391
1784649703.1690,rainstick,A3,317
1784649703.2680,rainstick,A3,438
1784649703.3680,rainstick,A3,349
1784649703.4180,rainstick,A3,426
1784649704.6190,rainstick,A3,303
1784649704.6690,rainstick,A3,431
1784649704.8720,rainstick,A3,292
1784649704.9210,rainstick,A3,437
1784649705.6720,rainstick,A3,378
1784649705.7210,rainstick,A3,436
1784649710.9270,rainstick,A3,348
1784649711.0230,rainstick,A3,409
1784649711.0730,rainstick,A3,355
1784649711.1280,rainstick,A3,419
1784649711.2240,rainstick,A3,114
1784649711.2750,rainstick,A3,356
1784649711.3760,rainstick,A3,116
1784649711.4250,rainstick,A3,431
1784649711.5270,rainstick,A3,346
1784649711.5760,rainstick,A3,436
1784649711.7270,rainstick,A3,308
1784649711.7770,rainstick,A3,440
1784649711.8780,rainstick,A3,349
1784649711.9280,rainstick,A3,416
1784649714.9810,rainstick,A3,431
1784649715.0330,rainstick,A3,304
1784649715.0830,rainstick,A3,428
1784649715.4350,rainstick,A3,360
1784649715.4850,rainstick,A3,430
1784649716.4860,rainstick,A3,279
1784649716.5360,rainstick,A3,437
