1784650000.6430,keys,3,1
1784650002.6830,keys,3,0
1784650005.0330,keys,2,0
1784650005.8920,keys,1,1
1784650006.4730,keys,1,0
1784650007.2720,keys,3,1
1784650007.5530,keys,2,1
1784650008.0420,keys,1,1
1784650009.3020,keys,1,0
1784650009.7720,keys,2,0
1784650010.3520,keys,3,0
1784650011.3140,keys,3,1
1784650011.9860,keys,3,0
1784650011.9920,keys,3,1
1784650012.1120,keys,3,0
1784650013.1530,keys,3,1
1784650013.4030,keys,1,1
1784650014.1930,keys,3,0
1784650014.2010,keys,3,1
1784650014.3130,keys,3,0
1784650014.3210,keys,1,0
1784650015.3830,keys,3,1
1784650015.5330,keys,2,1
1784650016.0120,keys,1,1
1784650017.0420,keys,1,0
1784650017.7340,keys,2,0
1784650018.3940,keys,3,0
1784650019.2030,keys,3,1
1784650019.9720,keys,3,0
1784650023.5630,keys,3,1
1784650024.0320,keys,3,0
1784650024.5920,keys,2,1
1784650024.7130,keys,2,0
1784650024.7210,keys,2,1
1784650025.6530,keys,2,0
1784650026.4220,keys,1,1
1784650026.9630,keys,1,0
1784650027.4120,keys,1,1
1784650028.0520,keys,1,0
1784650028.5820,keys,1,1
1784650028.8920,keys,1,0
1784650029.4830,keys,1,1
1784650029.7640,keys,1,0
1784650031.7720,keys,1,1
1784650032.0520,keys,1,0
1784650032.3520,keys,1,1
1784650032.6220,keys,1,0
1784650032.8930,keys,1,1
1784650033.6230,keys,1,1
1784650033.9530,keys,1,0
1784650034.4820,keys,1,1
1784650035.2020,keys,1,0
1784650035.5920,keys,1,1
1784650036.2030,keys,1,0
1784650036.8020,keys,1,1
1784650037.4610,keys,1,0
1784650037.9320,keys,1,1
1784650038.4020,keys,1,0
1784650039.6520,keys,1,1
1784650040.5920,keys,1,0
1784650041.1710,keys,1,1
1784650043.2820,keys,2,1
1784650043.5020,keys,2,0
1784650045.6820,keys,3,1
1784650046.9110,keys,3,0
1784650047.9220,keys,1,0
1784650049.7620,keys,2,1
1784650050.6720,keys,2,0
1784650051.4620,keys,2,1
1784650052.1020,keys,2,0
1784650052.5920,keys,2,1
1784650052.7720,keys,2,0
1784650052.8220,keys,2,1
1784650052.9420,keys,2,0
1784650054.1020,keys,2,1
1784650054.4620,keys,2,0
1784650054.5020,keys,2,1
1784650054.8420,keys,2,0
1784650054.9110,keys,2,1
1784650055.0610,keys,2,0
1784650055.1210,keys,2,1
1784650055.2510,keys,2,0
1784650055.3020,keys,2,1
1784650055.4310,keys,2,0
1784650055.4920,keys,2,1
1784650055.6420,keys,2,0
1784650055.6610,keys,2,1
1784650055.8310,keys,2,0
1784650055.8730,keys,2,1
1784650056.0030,keys,2,0
1784650057.3830,keys,3,1
1784650057.6830,keys,3,0
1784650060.0920,keys,3,1
1784650060.6620,keys,3,0
1784650061.1210,keys,3,1
1784650061.6130,keys,3,0
1784650062.0520,keys,3,1
1784650063.3250,keys,3,0
1784650063.8820,keys,3,1
1784650064.3910,keys,3,0
1784650064.8120,keys,3,1
1784650065.1610,keys,3,0
1784650066.0620,keys,2,1
1784650066.5520,keys,2,0
1784650067.1360,keys,2,1
1784650067.6330,keys,2,0
1784650068.2610,keys,1,1
1784650068.9520,keys,1,0
1784650070.1420,keys,1,1
1784650071.3410,keys,1,0
1784650071.8720,keys,1,1
1784650072.1810,keys,1,0
1784650072.5220,keys,1,1
1784650072.7910,keys,1,0
1784650073.2730,keys,1,0
1784650073.3910,keys,1,1
1784650073.6610,keys,1,0
1784650073.6910,keys,1,1
1784650073.9610,keys,1,0
1784650074.5120,keys,1,1
1784650075.6350,keys,3,1
1784650076.6430,keys,1,0
1784650077.1220,keys,3,0
1784650077.6630,keys,1,1
1784650078.4310,keys,3,1
1784650080.8620,keys,3,0
1784650081.6010,keys,1,0
1784650082.5310,keys,2,1
1784650083.9520,keys,2,1
1784650084.4620,keys,2,0
1784650085.0510,keys,2,1
1784650085.4420,keys,2,0
1784650087.2020,keys,2,1
1784650087.5510,keys,2,0
1784650088.0500,keys,2,1
1784650088.4830,keys,2,0
1784650088.9610,keys,2,1
1784650089.3210,keys,2,0
1784650089.8020,keys,2,1
1784650090.3700,keys,2,0
1784650091.0310,keys,3,1
1784650091.5220,keys,3,0
1784650092.1810,keys,1,1
1784650093.0130,keys,1,0
1784650096.6820,keys,3,0
1784650097.5320,keys,1,1
1784650097.8830,keys,1,0
1784650098.2400,keys,3,1
1784650098.5210,keys,3,0
1784650099.1220,keys,2,1
1784650099.3420,keys,2,0
1784650101.3110,keys,2,1
1784650101.4310,keys,2,0
1784650102.1220,keys,2,1
1784650102.2400,keys,2,0
1784650103.9410,keys,2,0
1784650104.7920,keys,2,1
1784650105.4120,keys,2,0
1784650105.9610,keys,2,1
1784650106.3620,keys,2,0
1784650106.9720,keys,3,1
1784650107.3710,keys,3,0
1784650108.5910,keys,3,1
1784650108.8010,keys,3,0
1784650109.0400,keys,3,1
1784650109.2510,keys,3,0
1784650109.8200,keys,3,1
1784650110.1000,keys,3,0
1784650111.0520,keys,2,1
1784650111.2910,keys,2,0
1784650112.4910,keys,2,1
1784650112.8110,keys,2,0
1784650113.5520,keys,1,1
1784650114.0380,keys,1,0
1784650114.4310,keys,1,1
1784650114.7910,keys,1,0
