1784650777.4930,percussion_small,A1,50
1784650777.4950,percussion_small,A1,50
1784650777.5100,percussion_small,A1,20
1784650777.5110,percussion_small,A1,20
1784650777.5320,percussion_small,A1,8
1784650777.5320,percussion_small,A1,8
1784650777.5760,percussion_small,A1,1
1784650777.5770,percussion_small,A1,1
1784650778.9530,percussion_small,A1,74
1784650778.9530,percussion_small,A1,74
1784650778.9720,percussion_small,A1,30
1784650778.9730,percussion_small,A1,30
1784650778.9940,percussion_small,A1,12
1784650778.9950,percussion_small,A1,12
1784650779.0140,percussion_small,A1,5
1784650779.0150,percussion_small,A1,5
1784650779.7560,percussion_small,A1,22
1784650779.7570,percussion_small,A1,22
1784650779.7760,percussion_small,A1,9
1784650779.7770,percussion_small,A1,9
1784650779.8170,percussion_small,A1,1
1784650779.8180,percussion_small,A1,1
1784650780.4380,percussion_small,A1,127
1784650780.4390,percussion_small,A1,127
1784650780.4590,percussion_small,A1,51
1784650780.4590,percussion_small,A1,51
1784650780.4780,percussion_small,A1,20
1784650780.4780,percussion_small,A1,20
1784650780.4990,percussion_small,A1,8
1784650780.4990,percussion_small,A1,8
1784650780.5390,percussion_small,A1,1
1784650780.5400,percussion_small,A1,1
1784650781.7010,percussion_small,A1,57
1784650781.7020,percussion_small,A1,57
1784650781.7200,percussion_small,A1,23
1784650781.7200,percussion_small,A1,23
1784650781.7400,percussion_small,A1,9
1784650781.7410,percussion_small,A1,9
1784650781.7820,percussion_small,A1,1
1784650781.7830,percussion_small,A1,1
1784650782.1030,percussion_small,A1,22
1784650782.1040,percussion_small,A1,22
1784650782.1210,percussion_small,A1,9
1784650782.1220,percussion_small,A1,9
1784650782.1420,percussion_small,A1,3
1784650782.1430,percussion_small,A1,3
1784650782.6050,percussion_small,A1,43
1784650782.6060,percussion_small,A1,43
1784650782.6240,percussion_small,A1,17
1784650782.6250,percussion_small,A1,17
1784650782.6450,percussion_small,A1,7
1784650782.6460,percussion_small,A1,7
1784650782.6880,percussion_small,A1,1
1784650782.6900,percussion_small,A1,1
1784650782.8070,percussion_small,A1,67
1784650782.8080,percussion_small,A1,67
1784650782.8310,percussion_small,A1,27
1784650782.8320,percussion_small,A1,27
1784650782.8500,percussion_small,A1,11
1784650782.8510,percussion_small,A1,11
1784650782.8680,percussion_small,A1,4
1784650782.8680,percussion_small,A1,4
1784650782.9890,percussion_small,A1,83
1784650782.9890,percussion_small,A1,83
1784650783.0090,percussion_small,A1,33
1784650783.0090,percussion_small,A1,33
1784650783.0620,percussion_small,A1,13
1784650783.0680,percussion_small,A1,5
1784650783.1720,percussion_small,A1,16
1784650783.1730,percussion_small,A1,16
1784650783.1930,percussion_small,A1,6
1784650783.1930,percussion_small,A1,6
1784650783.2530,percussion_small,A1,0
1784650783.2530,percussion_small,A1,0
1784650783.3530,percussion_small,A1,71
1784650783.3550,percussion_small,A1,71
1784650783.3730,percussion_small,A1,29
1784650783.3730,percussion_small,A1,29
1784650783.3940,percussion_small,A1,11
1784650783.3940,percussion_small,A1,11
1784650783.4150,percussion_small,A1,5
1784650783.4160,percussion_small,A1,5
1784650783.5360,percussion_small,A1,21
1784650783.5370,percussion_small,A1,21
1784650783.5560,percussion_small,A1,8
1784650783.5570,percussion_small,A1,8
1784650783.5970,percussion_small,A1,1
1784650783.5970,percussion_small,A1,1
1784650783.7180,percussion_small,A1,89
1784650783.7180,percussion_small,A1,89
1784650783.7380,percussion_small,A1,36
1784650783.7380,percussion_small,A1,36
1784650783.7570,percussion_small,A1,14
1784650783.7580,percussion_small,A1,14
1784650783.7800,percussion_small,A1,6
1784650783.7800,percussion_small,A1,6
1784650783.8410,percussion_small,A1,0
1784650783.8410,percussion_small,A1,0
1784650783.9000,percussion_small,A1,22
1784650783.9010,percussion_small,A1,22
1784650783.9200,percussion_small,A1,9
1784650783.9210,percussion_small,A1,9
1784650783.9440,percussion_small,A1,3
1784650783.9440,percussion_small,A1,3
1784650784.0820,percussion_small,A1,56
1784650784.0830,percussion_small,A1,56
1784650784.1020,percussion_small,A1,23
1784650784.1030,percussion_small,A1,23
1784650784.1220,percussion_small,A1,9
1784650784.1230,percussion_small,A1,9
1784650784.1630,percussion_small,A1,1
1784650784.1630,percussion_small,A1,1
1784650784.2640,percussion_small,A1,56
1784650784.2640,percussion_small,A1,56
1784650784.2830,percussion_small,A1,23
1784650784.2840,percussion_small,A1,23
1784650784.3040,percussion_small,A1,9
1784650784.3050,percussion_small,A1,9
1784650784.3460,percussion_small,A1,1
1784650784.3470,percussion_small,A1,1
1784650784.4480,percussion_small,A1,35
1784650784.4500,percussion_small,A1,35
1784650784.4650,percussion_small,A1,14
1784650784.4660,percussion_small,A1,14
1784650784.4870,percussion_small,A1,6
1784650784.4880,percussion_small,A1,6
1784650784.5480,percussion_small,A1,0
1784650784.5500,percussion_small,A1,0
1784650784.6280,percussion_small,A1,8
1784650784.6290,percussion_small,A1,8
1784650784.6680,percussion_small,A1,1
1784650784.6680,percussion_small,A1,1
1784650784.8080,percussion_small,A1,14
1784650784.8080,percussion_small,A1,14
1784650784.8280,percussion_small,A1,6
1784650784.8280,percussion_small,A1,6
1784650784.8890,percussion_small,A1,0
1784650784.8890,percussion_small,A1,0
1784650784.9890,percussion_small,A1,26
1784650784.9890,percussion_small,A1,26
1784650785.0080,percussion_small,A1,10
1784650785.0090,percussion_small,A1,10
1784650785.0290,percussion_small,A1,4
1784650785.0300,percussion_small,A1,4
1784650785.1730,percussion_small,A1,62
1784650785.1730,percussion_small,A1,62
1784650785.1910,percussion_small,A1,25
1784650785.1910,percussion_small,A1,25
1784650785.2110,percussion_small,A1,10
1784650785.2120,percussion_small,A1,10
1784650785.2320,percussion_small,A1,4
1784650785.2330,percussion_small,A1,4
1784650785.3550,percussion_small,A1,101
1784650785.3560,percussion_small,A1,101
1784650785.3770,percussion_small,A1,40
1784650785.3770,percussion_small,A1,40
1784650785.3940,percussion_small,A1,16
1784650785.3950,percussion_small,A1,16
1784650785.4150,percussion_small,A1,6
1784650785.4160,percussion_small,A1,6
1784650785.4810,percussion_small,A1,0
1784650785.4820,percussion_small,A1,0
1784650785.8780,percussion_small,A1,108
1784650785.8790,percussion_small,A1,108
1784650785.8970,percussion_small,A1,43
1784650785.8970,percussion_small,A1,43
1784650785.9180,percussion_small,A1,17
1784650785.9180,percussion_small,A1,17
1784650785.9380,percussion_small,A1,7
1784650785.9390,percussion_small,A1,7
1784650785.9800,percussion_small,A1,1
1784650785.9810,percussion_small,A1,1
1784650786.0790,percussion_small,A1,70
1784650786.0790,percussion_small,A1,70
1784650786.0990,percussion_small,A1,28
1784650786.0990,percussion_small,A1,28
1784650786.1200,percussion_small,A1,11
1784650786.1200,percussion_small,A1,11
1784650786.1410,percussion_small,A1,4
1784650786.1410,percussion_small,A1,4
1784650786.4430,percussion_small,A1,26
1784650786.4440,percussion_small,A1,26
1784650786.4630,percussion_small,A1,10
1784650786.4630,percussion_small,A1,10
1784650786.4840,percussion_small,A1,4
1784650786.4840,percussion_small,A1,4
1784650786.6250,percussion_small,A1,139
1784650786.6260,percussion_small,A1,139
1784650786.6450,percussion_small,A1,55
1784650786.6450,percussion_small,A1,55
1784650786.6650,percussion_small,A1,22
1784650786.6660,percussion_small,A1,22
1784650786.6890,percussion_small,A1,9
1784650786.6890,percussion_small,A1,9
1784650786.7280,percussion_small,A1,1
1784650786.7290,percussion_small,A1,1
1784650786.8110,percussion_small,A1,73
1784650786.8120,percussion_small,A1,73
1784650786.8280,percussion_small,A1,29
1784650786.8280,percussion_small,A1,29
1784650786.8520,percussion_small,A1,12
1784650786.8530,percussion_small,A1,12
1784650786.8690,percussion_small,A1,5
1784650786.8700,percussion_small,A1,5
1784650787.6710,percussion_small,A1,67
1784650787.6710,percussion_small,A1,67
1784650787.6920,percussion_small,A1,27
1784650787.6930,percussion_small,A1,27
1784650787.7150,percussion_small,A1,11
1784650787.7160,percussion_small,A1,11
1784650787.7340,percussion_small,A1,4
1784650787.7340,percussion_small,A1,4
1784650788.3340,percussion_small,A1,106
1784650788.3350,percussion_small,A1,106
1784650788.3530,percussion_small,A1,42
1784650788.3540,percussion_small,A1,42
1784650788.3740,percussion_small,A1,17
1784650788.3750,percussion_small,A1,17
1784650788.3970,percussion_small,A1,7
1784650788.3980,percussion_small,A1,7
1784650788.4370,percussion_small,A1,1
1784650788.4380,percussion_small,A1,1
1784650788.9780,percussion_small,A1,22
1784650788.9790,percussion_small,A1,22
1784650788.9970,percussion_small,A1,9
1784650788.9970,percussion_small,A1,9
1784650789.0370,percussion_small,A1,1
1784650789.0380,percussion_small,A1,1
1784650789.5180,percussion_small,A1,95
1784650789.5190,percussion_small,A1,95
1784650789.5380,percussion_small,A1,38
1784650789.5390,percussion_small,A1,38
1784650789.5580,percussion_small,A1,15
1784650789.5590,percussion_small,A1,15
1784650789.5820,percussion_small,A1,6
1784650789.5820,percussion_small,A1,6
1784650789.6410,percussion_small,A1,0
1784650789.6420,percussion_small,A1,0
1784650789.8210,percussion_small,A1,24
1784650789.8230,percussion_small,A1,24
1784650789.8410,percussion_small,A1,10
1784650789.8420,percussion_small,A1,10
1784650789.8630,percussion_small,A1,4
1784650789.8640,percussion_small,A1,4
1784650790.0430,percussion_small,A1,113
1784650790.0440,percussion_small,A1,113
1784650790.0630,percussion_small,A1,45
1784650790.0640,percussion_small,A1,45
1784650790.0880,percussion_small,A1,18
1784650790.0880,percussion_small,A1,18
1784650790.1060,percussion_small,A1,7
1784650790.1070,percussion_small,A1,7
1784650790.1450,percussion_small,A1,1
1784650790.1460,percussion_small,A1,1
1784650790.2860,percussion_small,A1,75
1784650790.2870,percussion_small,A1,75
1784650790.3050,percussion_small,A1,30
1784650790.3060,percussion_small,A1,30
1784650790.3260,percussion_small,A1,12
1784650790.3270,percussion_small,A1,12
1784650790.3470,percussion_small,A1,5
1784650790.3480,percussion_small,A1,5
1784650790.5500,percussion_small,A1,88
1784650790.5510,percussion_small,A1,88
1784650790.5690,percussion_small,A1,35
1784650790.5690,percussion_small,A1,35
1784650790.5890,percussion_small,A1,14
1784650790.5900,percussion_small,A1,14
1784650790.6100,percussion_small,A1,6
1784650790.6110,percussion_small,A1,6
1784650790.6720,percussion_small,A1,0
1784650790.6730,percussion_small,A1,0
1784650790.7920,percussion_small,A1,91
1784650790.7940,percussion_small,A1,91
1784650790.8120,percussion_small,A1,36
1784650790.8130,percussion_small,A1,36
1784650790.8330,percussion_small,A1,14
1784650790.8340,percussion_small,A1,14
1784650790.8560,percussion_small,A1,6
1784650790.8570,percussion_small,A1,6
1784650790.9160,percussion_small,A1,0
1784650790.9170,percussion_small,A1,0
1784650791.5550,percussion_small,A1,91
1784650791.5550,percussion_small,A1,91
1784650791.5740,percussion_small,A1,36
1784650791.5750,percussion_small,A1,36
1784650791.5970,percussion_small,A1,14
1784650791.5970,percussion_small,A1,14
1784650791.6160,percussion_small,A1,6
1784650791.6170,percussion_small,A1,6
1784650791.6770,percussion_small,A1,0
1784650791.6780,percussion_small,A1,0
1784650791.7780,percussion_small,A1,52
1784650791.7780,percussion_small,A1,52
1784650791.7980,percussion_small,A1,21
1784650791.7990,percussion_small,A1,21
1784650791.8190,percussion_small,A1,8
1784650791.8190,percussion_small,A1,8
1784650791.8600,percussion_small,A1,1
1784650791.8610,percussion_small,A1,1
1784650792.3000,percussion_small,A1,13
1784650792.3010,percussion_small,A1,13
1784650792.3210,percussion_small,A1,5
1784650792.3220,percussion_small,A1,5
1784650792.7620,percussion_small,A1,110
1784650792.7630,percussion_small,A1,110
1784650792.7800,percussion_small,A1,44
1784650792.7810,percussion_small,A1,44
1784650792.8010,percussion_small,A1,18
1784650792.8020,percussion_small,A1,18
1784650792.8250,percussion_small,A1,7
1784650792.8260,percussion_small,A1,7
1784650792.8640,percussion_small,A1,1
1784650792.8650,percussion_small,A1,1
1784650793.2640,percussion_small,A1,8
1784650793.2640,percussion_small,A1,8
1784650793.3040,percussion_small,A1,1
1784650793.3040,percussion_small,A1,1
1784650793.8440,percussion_small,A1,147
1784650793.8450,percussion_small,A1,147
1784650793.8640,percussion_small,A1,59
1784650793.8640,percussion_small,A1,59
1784650793.8850,percussion_small,A1,24
1784650793.8860,percussion_small,A1,24
1784650793.9060,percussion_small,A1,9
1784650793.9070,percussion_small,A1,9
1784650793.9470,percussion_small,A1,2
1784650793.9480,percussion_small,A1,2
1784650794.4180,percussion_small,A1,82
1784650794.4180,percussion_small,A1,82
1784650794.4260,percussion_small,A1,33
1784650794.4270,percussion_small,A1,33
1784650794.4470,percussion_small,A1,13
1784650794.4480,percussion_small,A1,13
1784650794.4710,percussion_small,A1,5
1784650794.4710,percussion_small,A1,5
1784650794.9900,percussion_small,A1,16
1784650794.9910,percussion_small,A1,16
1784650795.0100,percussion_small,A1,6
1784650795.0100,percussion_small,A1,6
1784650795.0700,percussion_small,A1,0
1784650795.0700,percussion_small,A1,0
1784650795.1710,percussion_small,A1,44
1784650795.1710,percussion_small,A1,44
1784650795.1900,percussion_small,A1,18
1784650795.1910,percussion_small,A1,18
1784650795.2110,percussion_small,A1,7
1784650795.2110,percussion_small,A1,7
1784650795.2520,percussion_small,A1,1
1784650795.2530,percussion_small,A1,1
1784650795.5330,percussion_small,A1,89
1784650795.5340,percussion_small,A1,89
1784650795.5530,percussion_small,A1,36
1784650795.5540,percussion_small,A1,36
1784650795.5730,percussion_small,A1,14
1784650795.5740,percussion_small,A1,14
1784650795.5940,percussion_small,A1,6
1784650795.5950,percussion_small,A1,6
1784650795.6560,percussion_small,A1,0
1784650795.6570,percussion_small,A1,0
1784650796.0370,percussion_small,A1,65
1784650796.0380,percussion_small,A1,65
1784650796.0570,percussion_small,A1,26
1784650796.0580,percussion_small,A1,26
1784650796.0780,percussion_small,A1,10
1784650796.0780,percussion_small,A1,10
1784650796.0980,percussion_small,A1,4
1784650796.0990,percussion_small,A1,4
1784650796.5790,percussion_small,A1,10
1784650796.5800,percussion_small,A1,10
1784650796.5990,percussion_small,A1,4
1784650796.6000,percussion_small,A1,4
1784650797.3030,percussion_small,A1,65
1784650797.3040,percussion_small,A1,65
1784650797.3190,percussion_small,A1,26
1784650797.3200,percussion_small,A1,26
1784650797.3410,percussion_small,A1,10
1784650797.3420,percussion_small,A1,10
1784650797.3620,percussion_small,A1,4
1784650797.3620,percussion_small,A1,4
1784650797.6640,percussion_small,A1,13
1784650797.6650,percussion_small,A1,13
1784650797.6820,percussion_small,A1,5
1784650797.6830,percussion_small,A1,5
1784650797.8430,percussion_small,A1,33
1784650797.8440,percussion_small,A1,33
1784650797.8630,percussion_small,A1,13
1784650797.8640,percussion_small,A1,13
1784650797.8860,percussion_small,A1,5
1784650797.8860,percussion_small,A1,5
1784650798.0270,percussion_small,A1,33
1784650798.0280,percussion_small,A1,33
1784650798.0490,percussion_small,A1,13
1784650798.0500,percussion_small,A1,13
1784650798.0660,percussion_small,A1,5
1784650798.0670,percussion_small,A1,5
1784650798.2080,percussion_small,A1,35
1784650798.2090,percussion_small,A1,35
1784650798.2270,percussion_small,A1,14
1784650798.2280,percussion_small,A1,14
1784650798.2480,percussion_small,A1,6
1784650798.2490,percussion_small,A1,6
1784650798.3120,percussion_small,A1,0
1784650798.3130,percussion_small,A1,0
1784650798.5500,percussion_small,A1,70
1784650798.5510,percussion_small,A1,70
1784650798.5690,percussion_small,A1,28
1784650798.5690,percussion_small,A1,28
1784650798.5900,percussion_small,A1,11
1784650798.5910,percussion_small,A1,11
1784650798.6110,percussion_small,A1,4
1784650798.6120,percussion_small,A1,4
1784650798.7330,percussion_small,A1,82
1784650798.7340,percussion_small,A1,82
1784650798.7530,percussion_small,A1,33
1784650798.7540,percussion_small,A1,33
1784650798.7740,percussion_small,A1,13
1784650798.7740,percussion_small,A1,13
1784650798.7940,percussion_small,A1,5
1784650798.7950,percussion_small,A1,5
1784650798.9160,percussion_small,A1,38
1784650798.9170,percussion_small,A1,38
1784650798.9410,percussion_small,A1,15
1784650798.9410,percussion_small,A1,15
1784650798.9560,percussion_small,A1,6
1784650798.9570,percussion_small,A1,6
1784650799.0180,percussion_small,A1,0
1784650799.0190,percussion_small,A1,0
1784650799.1000,percussion_small,A1,35
1784650799.1010,percussion_small,A1,35
1784650799.1170,percussion_small,A1,14
1784650799.1180,percussion_small,A1,14
1784650799.1390,percussion_small,A1,6
1784650799.1400,percussion_small,A1,6
1784650799.2030,percussion_small,A1,0
1784650799.2040,percussion_small,A1,0
1784650799.8400,percussion_small,A1,67
1784650799.8420,percussion_small,A1,67
1784650799.8600,percussion_small,A1,27
1784650799.8610,percussion_small,A1,27
1784650799.8810,percussion_small,A1,11
1784650799.8810,percussion_small,A1,11
1784650799.9020,percussion_small,A1,5
1784650799.9030,percussion_small,A1,5
1784650800.8640,percussion_small,A1,152
1784650800.8650,percussion_small,A1,152
1784650800.8820,percussion_small,A1,61
1784650800.8830,percussion_small,A1,61
1784650800.9080,percussion_small,A1,24
1784650800.9080,percussion_small,A1,24
1784650800.9240,percussion_small,A1,10
1784650800.9250,percussion_small,A1,10
1784650800.9450,percussion_small,A1,4
1784650800.9460,percussion_small,A1,4
1784650801.4060,percussion_small,A1,17
1784650801.4070,percussion_small,A1,17
1784650801.4270,percussion_small,A1,7
1784650801.4280,percussion_small,A1,7
1784650801.4680,percussion_small,A1,1
1784650801.4690,percussion_small,A1,1
1784650801.9290,percussion_small,A1,238
1784650801.9300,percussion_small,A1,238
1784650801.9480,percussion_small,A1,95
1784650801.9480,percussion_small,A1,95
1784650801.9680,percussion_small,A1,38
1784650801.9680,percussion_small,A1,38
1784650801.9890,percussion_small,A1,15
1784650801.9900,percussion_small,A1,15
1784650802.0110,percussion_small,A1,6
1784650802.0120,percussion_small,A1,6
1784650802.0720,percussion_small,A1,0
1784650802.0740,percussion_small,A1,0
1784650802.5320,percussion_small,A1,169
1784650802.5330,percussion_small,A1,169
1784650802.5540,percussion_small,A1,68
1784650802.5540,percussion_small,A1,68
1784650802.5720,percussion_small,A1,27
1784650802.5730,percussion_small,A1,27
1784650802.5930,percussion_small,A1,11
1784650802.5940,percussion_small,A1,11
1784650802.6140,percussion_small,A1,4
1784650802.6150,percussion_small,A1,4
1784650803.1350,percussion_small,A1,98
1784650803.1360,percussion_small,A1,98
1784650803.1550,percussion_small,A1,39
1784650803.1560,percussion_small,A1,39
1784650803.1760,percussion_small,A1,16
1784650803.1770,percussion_small,A1,16
1784650803.1970,percussion_small,A1,6
1784650803.1970,percussion_small,A1,6
1784650803.2580,percussion_small,A1,0
1784650803.2590,percussion_small,A1,0
1784650804.3200,percussion_small,A1,23
1784650804.3210,percussion_small,A1,23
1784650804.3390,percussion_small,A1,9
1784650804.3390,percussion_small,A1,9
1784650804.3800,percussion_small,A1,1
1784650804.3810,percussion_small,A1,1
1784650804.7190,percussion_small,A1,63
1784650804.7200,percussion_small,A1,63
1784650804.7400,percussion_small,A1,25
1784650804.7410,percussion_small,A1,25
1784650804.7600,percussion_small,A1,10
1784650804.7610,percussion_small,A1,10
1784650804.7810,percussion_small,A1,4
1784650804.7820,percussion_small,A1,4
1784650804.9230,percussion_small,A1,74
1784650804.9240,percussion_small,A1,74
1784650804.9430,percussion_small,A1,30
1784650804.9430,percussion_small,A1,30
1784650804.9630,percussion_small,A1,12
1784650804.9640,percussion_small,A1,12
1784650804.9840,percussion_small,A1,5
1784650804.9850,percussion_small,A1,5
1784650805.4490,percussion_small,A1,122
1784650805.4490,percussion_small,A1,122
1784650805.4650,percussion_small,A1,49
1784650805.4660,percussion_small,A1,49
1784650805.4860,percussion_small,A1,19
1784650805.4870,percussion_small,A1,19
1784650805.5070,percussion_small,A1,8
1784650805.5070,percussion_small,A1,8
1784650805.5500,percussion_small,A1,1
1784650805.5510,percussion_small,A1,1
1784650811.3890,percussion_small,A1,24
1784650811.3910,percussion_small,A1,24
1784650811.4090,percussion_small,A1,10
1784650811.4090,percussion_small,A1,10
1784650811.5930,percussion_small,A1,4
1784650811.5940,percussion_small,A1,4
1784650812.3500,percussion_small,A1,97
1784650812.3520,percussion_small,A1,97
1784650812.3740,percussion_small,A1,73
1784650812.3750,percussion_small,A1,73
1784650812.3900,percussion_small,A1,62
1784650812.3910,percussion_small,A1,62
1784650812.4110,percussion_small,A1,55
1784650812.4120,percussion_small,A1,55
1784650812.4530,percussion_small,A1,49
1784650812.4540,percussion_small,A1,49
1784650812.4940,percussion_small,A1,43
1784650812.4950,percussion_small,A1,43
1784650812.5930,percussion_small,A1,34
1784650812.5940,percussion_small,A1,34
1784650812.7330,percussion_small,A1,27
1784650812.7340,percussion_small,A1,27
1784650812.8720,percussion_small,A1,21
1784650812.8730,percussion_small,A1,21
1784650813.0830,percussion_small,A1,14
1784650813.0830,percussion_small,A1,14
1784650813.0950,percussion_small,A1,70
1784650813.1070,percussion_small,A1,36
1784650813.1230,percussion_small,A1,22
1784650813.1230,percussion_small,A1,22
1784650813.1350,percussion_small,A1,16
1784650813.1350,percussion_small,A1,16
1784650813.2160,percussion_small,A1,9
1784650813.2170,percussion_small,A1,9
1784650813.3560,percussion_small,A1,3
1784650813.3570,percussion_small,A1,3
1784650814.2760,percussion_small,A1,139
1784650814.2770,percussion_small,A1,139
1784650814.2960,percussion_small,A1,55
1784650814.2970,percussion_small,A1,55
1784650814.3170,percussion_small,A1,22
1784650814.3180,percussion_small,A1,22
1784650814.3380,percussion_small,A1,9
1784650814.3390,percussion_small,A1,9
1784650814.3830,percussion_small,A1,1
1784650814.3840,percussion_small,A1,1
1784650814.8800,percussion_small,A1,32
1784650814.8800,percussion_small,A1,32
1784650814.8990,percussion_small,A1,13
1784650814.9000,percussion_small,A1,13
1784650814.9200,percussion_small,A1,5
1784650814.9210,percussion_small,A1,5
1784650815.4610,percussion_small,A1,23
1784650815.4620,percussion_small,A1,23
1784650815.4830,percussion_small,A1,9
1784650815.4840,percussion_small,A1,9
1784650815.5220,percussion_small,A1,1
1784650815.5220,percussion_small,A1,1
1784650816.6420,percussion_small,A1,121
1784650816.6430,percussion_small,A1,121
1784650816.6620,percussion_small,A1,48
1784650816.6620,percussion_small,A1,48
1784650816.6960,percussion_small,A1,19
1784650816.6960,percussion_small,A1,19
1784650816.7040,percussion_small,A1,8
1784650816.7040,percussion_small,A1,8
1784650816.7450,percussion_small,A1,1
1784650816.7450,percussion_small,A1,1
1784650817.2850,percussion_small,A1,55
1784650817.2860,percussion_small,A1,55
1784650817.3060,percussion_small,A1,22
1784650817.3060,percussion_small,A1,22
1784650817.3260,percussion_small,A1,9
1784650817.3270,percussion_small,A1,9
1784650817.3490,percussion_small,A1,3
1784650817.3500,percussion_small,A1,3
1784650817.8700,percussion_small,A1,115
1784650817.8710,percussion_small,A1,115
1784650817.8880,percussion_small,A1,46
1784650817.8890,percussion_small,A1,46
1784650817.9090,percussion_small,A1,18
1784650817.9100,percussion_small,A1,18
1784650817.9300,percussion_small,A1,7
1784650817.9300,percussion_small,A1,7
1784650817.9710,percussion_small,A1,1
1784650817.9720,percussion_small,A1,1
1784650818.9920,percussion_small,A1,185
1784650818.9920,percussion_small,A1,185
1784650819.0110,percussion_small,A1,74
1784650819.0120,percussion_small,A1,74
1784650819.0320,percussion_small,A1,30
1784650819.0320,percussion_small,A1,30
1784650819.0530,percussion_small,A1,12
1784650819.0540,percussion_small,A1,12
1784650819.0740,percussion_small,A1,5
1784650819.0750,percussion_small,A1,5
1784650823.1360,percussion_small,A1,33
1784650823.1360,percussion_small,A1,33
1784650823.1550,percussion_small,A1,13
1784650823.1550,percussion_small,A1,13
1784650823.1760,percussion_small,A1,5
1784650823.1760,percussion_small,A1,5
